game_id,team_id,TEAM_NAME,TEAM_ABBREVIATION,WL,HOMEORAWAY,FGM,FGA,FG_PCT,FG3M,FG3A,FG3_PCT,FTM,FTA,FT_PCT,OREB,DREB,REB,AST,STL,BLK,TOV,PF,PLUS_MINUS,W_PCT,E_OFF_RATING,E_DEF_RATING,E_NET_RATING,E_AST_RATIO,E_OREB_PCT,E_DREB_PCT,E_REB_PCT,E_TM_TOV_PCT,E_PACE,is_target_team,is_team1
0022301055,1610612747,Los Angeles Lakers,LAL,1,0,45,81,0.556,18,33,0.545,28,35,0.8,4,39,43,31,5,4,15,19,12.0,0.562,113.7,113.1,0.6,20.2,0.196,0.758,0.492,0.132,103.0,1,1
0022301045,1610612747,Los Angeles Lakers,LAL,1,0,42,108,0.389,14,44,0.318,30,32,0.938,15,54,69,30,4,8,17,13,4.0,0.562,113.7,113.1,0.6,20.2,0.196,0.758,0.492,0.132,103.0,1,1
0022301032,1610612747,Los Angeles Lakers,LAL,1,1,50,89,0.562,12,25,0.48,38,43,0.884,8,33,41,28,6,7,10,14,5.0,0.562,113.7,113.1,0.6,20.2,0.196,0.758,0.492,0.132,103.0,1,1
0022301018,1610612747,Los Angeles Lakers,LAL,1,1,32,73,0.438,12,31,0.387,25,33,0.758,11,43,54,22,1,7,21,16,7.0,0.562,113.7,113.1,0.6,20.2,0.196,0.758,0.492,0.132,103.0,1,1
0022300990,1610612747,Los Angeles Lakers,LAL,1,1,52,90,0.578,15,36,0.417,17,20,0.85,4,44,48,39,6,4,8,15,31.0,0.562,113.7,113.1,0.6,20.2,0.196,0.758,0.492,0.132,103.0,1,1
0022300973,1610612747,Los Angeles Lakers,LAL,0,1,47,92,0.511,12,34,0.353,15,18,0.833,8,31,39,32,3,4,9,13,-7.0,0.562,113.7,113.1,0.6,20.2,0.196,0.758,0.492,0.132,103.0,1,1
0022300954,1610612747,Los Angeles Lakers,LAL,0,0,38,78,0.487,14,32,0.438,17,22,0.773,7,31,38,25,8,2,14,12,-13.0,0.562,113.7,113.1,0.6,20.2,0.196,0.758,0.492,0.132,103.0,1,1
0022300932,1610612747,Los Angeles Lakers,LAL,1,1,44,83,0.53,10,24,0.417,22,29,0.759,14,42,56,29,9,4,19,12,11.0,0.562,113.7,113.1,0.6,20.2,0.196,0.758,0.492,0.132,103.0,1,1
0022300915,1610612747,Los Angeles Lakers,LAL,1,1,47,90,0.522,16,34,0.471,13,19,0.684,4,34,38,27,2,7,5,16,1.0,0.562,113.7,113.1,0.6,20.2,0.196,0.758,0.492,0.132,103.0,1,1
0022300901,1610612747,Los Angeles Lakers,LAL,0,1,42,81,0.519,15,32,0.469,21,25,0.84,3,31,34,25,4,5,14,14,-10.0,0.562,113.7,113.1,0.6,20.2,0.196,0.758,0.492,0.132,103.0,1,1
0022300884,1610612747,Los Angeles Lakers,LAL,1,1,41,80,0.513,16,34,0.471,18,25,0.72,12,43,55,29,8,7,20,15,12.0,0.562,113.7,113.1,0.6,20.2,0.196,0.758,0.492,0.132,103.0,1,1
0022300869,1610612747,Los Angeles Lakers,LAL,0,1,47,89,0.528,12,29,0.414,8,11,0.727,6,25,31,33,5,4,7,9,-10.0,0.562,113.7,113.1,0.6,20.2,0.196,0.758,0.492,0.132,103.0,1,1
0022300856,1610612747,Los Angeles Lakers,LAL,1,1,53,101,0.525,8,23,0.348,20,24,0.833,7,38,45,30,6,6,11,16,3.0,0.562,113.7,113.1,0.6,20.2,0.196,0.758,0.492,0.132,103.0,1,1
0022300848,1610612747,Los Angeles Lakers,LAL,1,0,47,86,0.547,14,36,0.389,8,10,0.8,8,31,39,28,6,5,15,12,4.0,0.562,113.7,113.1,0.6,20.2,0.196,0.758,0.492,0.132,103.0,1,1
0022300818,1610612747,Los Angeles Lakers,LAL,0,0,47,90,0.522,15,35,0.429,4,8,0.5,3,31,34,28,7,4,10,14,-10.0,0.562,113.7,113.1,0.6,20.2,0.196,0.758,0.492,0.132,103.0,1,1
0022300813,1610612747,Los Angeles Lakers,LAL,1,1,49,95,0.516,11,27,0.407,14,18,0.778,10,36,46,28,7,4,12,18,5.0,0.562,113.7,113.1,0.6,20.2,0.196,0.758,0.492,0.132,103.0,1,1
0022300802,1610612747,Los Angeles Lakers,LAL,0,0,43,88,0.489,10,35,0.286,14,21,0.667,10,31,41,28,5,9,11,18,-18.0,0.562,113.7,113.1,0.6,20.2,0.196,0.758,0.492,0.132,103.0,1,1
0022300788,1610612747,Los Angeles Lakers,LAL,1,0,52,91,0.571,14,31,0.452,20,24,0.833,5,32,37,34,8,4,9,13,16.0,0.562,113.7,113.1,0.6,20.2,0.196,0.758,0.492,0.132,103.0,1,1
0022300776,1610612747,Los Angeles Lakers,LAL,1,1,43,84,0.512,14,35,0.4,25,30,0.833,7,40,47,32,6,11,15,14,14.0,0.562,113.7,113.1,0.6,20.2,0.196,0.758,0.492,0.132,103.0,1,1
0022300747,1610612747,Los Angeles Lakers,LAL,1,1,49,88,0.557,14,31,0.452,27,32,0.844,5,27,32,32,5,5,7,20,17.0,0.562,113.7,113.1,0.6,20.2,0.196,0.758,0.492,0.132,103.0,1,1
0022300740,1610612747,Los Angeles Lakers,LAL,0,1,41,89,0.461,8,25,0.32,16,22,0.727,10,29,39,27,12,10,7,10,-8.0,0.562,113.7,113.1,0.6,20.2,0.196,0.758,0.492,0.132,103.0,1,1
0022300713,1610612747,Los Angeles Lakers,LAL,1,0,50,89,0.562,8,34,0.235,16,19,0.842,7,41,48,36,5,6,16,12,6.0,0.562,113.7,113.1,0.6,20.2,0.196,0.758,0.492,0.132,103.0,1,1
0022300701,1610612747,Los Angeles Lakers,LAL,1,0,39,80,0.488,12,31,0.387,23,27,0.852,3,35,38,28,4,11,5,16,8.0,0.562,113.7,113.1,0.6,20.2,0.196,0.758,0.492,0.132,103.0,1,1
0022300684,1610612747,Los Angeles Lakers,LAL,1,0,38,94,0.404,19,36,0.528,19,26,0.731,15,37,52,30,11,2,7,8,9.0,0.562,113.7,113.1,0.6,20.2,0.196,0.758,0.492,0.132,103.0,1,1
0022300669,1610612747,Los Angeles Lakers,LAL,0,0,48,90,0.533,12,33,0.364,14,25,0.56,7,30,37,28,12,3,14,16,-16.0,0.562,113.7,113.1,0.6,20.2,0.196,0.758,0.492,0.132,103.0,1,1
0022300662,1610612747,Los Angeles Lakers,LAL,0,0,45,91,0.495,13,35,0.371,16,26,0.615,4,31,35,26,10,6,12,13,-16.0,0.562,113.7,113.1,0.6,20.2,0.196,0.758,0.492,0.132,103.0,1,1
0022300650,1610612747,Los Angeles Lakers,LAL,1,0,49,101,0.485,9,27,0.333,38,43,0.884,7,48,55,33,9,5,19,21,1.0,0.562,113.7,113.1,0.6,20.2,0.196,0.758,0.492,0.132,103.0,1,1
0022300633,1610612747,Los Angeles Lakers,LAL,1,1,53,87,0.609,20,31,0.645,15,20,0.75,5,25,30,35,10,4,12,21,9.0,0.562,113.7,113.1,0.6,20.2,0.196,0.758,0.492,0.132,103.0,1,1
0022300618,1610612747,Los Angeles Lakers,LAL,0,0,45,92,0.489,11,32,0.344,15,22,0.682,13,28,41,27,9,8,15,15,-11.0,0.562,113.7,113.1,0.6,20.2,0.196,0.758,0.492,0.132,103.0,1,1
0022300605,1610612747,Los Angeles Lakers,LAL,1,1,47,86,0.547,13,33,0.394,27,29,0.931,10,35,45,28,9,6,12,18,24.0,0.562,113.7,113.1,0.6,20.2,0.196,0.758,0.492,0.132,103.0,1,1
0022300591,1610612747,Los Angeles Lakers,LAL,0,1,40,90,0.444,12,33,0.364,20,24,0.833,10,34,44,31,7,3,14,11,-18.0,0.562,113.7,113.1,0.6,20.2,0.196,0.758,0.492,0.132,103.0,1,1
0022300577,1610612747,Los Angeles Lakers,LAL,1,1,49,91,0.538,12,28,0.429,17,24,0.708,9,36,45,33,8,1,10,15,17.0,0.562,113.7,113.1,0.6,20.2,0.196,0.758,0.492,0.132,103.0,1,1
0022300565,1610612747,Los Angeles Lakers,LAL,1,1,44,84,0.524,8,24,0.333,16,18,0.889,8,36,44,30,7,9,17,12,7.0,0.562,113.7,113.1,0.6,20.2,0.196,0.758,0.492,0.132,103.0,1,1
0022300549,1610612747,Los Angeles Lakers,LAL,0,0,46,92,0.5,13,29,0.448,20,24,0.833,7,33,40,30,6,8,12,23,-7.0,0.562,113.7,113.1,0.6,20.2,0.196,0.758,0.492,0.132,103.0,1,1
0022300531,1610612747,Los Angeles Lakers,LAL,0,1,40,80,0.5,13,34,0.382,16,25,0.64,7,30,37,33,8,4,18,19,-18.0,0.562,113.7,113.1,0.6,20.2,0.196,0.758,0.492,0.132,103.0,1,1
0022300516,1610612747,Los Angeles Lakers,LAL,1,1,44,81,0.543,16,36,0.444,28,36,0.778,5,34,39,34,6,4,15,16,1.0,0.562,113.7,113.1,0.6,20.2,0.196,0.758,0.492,0.132,103.0,1,1
0022300505,1610612747,Los Angeles Lakers,LAL,1,1,42,82,0.512,11,29,0.379,11,16,0.688,8,32,40,23,9,6,19,11,3.0,0.562,113.7,113.1,0.6,20.2,0.196,0.758,0.492,0.132,103.0,1,1
0022300491,1610612747,Los Angeles Lakers,LAL,0,1,42,85,0.494,10,28,0.357,19,27,0.704,8,27,35,26,13,3,13,14,-14.0,0.562,113.7,113.1,0.6,20.2,0.196,0.758,0.492,0.132,103.0,1,1
0022300475,1610612747,Los Angeles Lakers,LAL,0,1,35,83,0.422,4,30,0.133,22,24,0.917,9,41,50,29,3,6,21,14,-14.0,0.562,113.7,113.1,0.6,20.2,0.196,0.758,0.492,0.132,103.0,1,1
0022300446,1610612747,Los Angeles Lakers,LAL,0,0,39,82,0.476,10,32,0.313,21,25,0.84,4,31,35,26,8,10,13,15,-20.0,0.562,113.7,113.1,0.6,20.2,0.196,0.758,0.492,0.132,103.0,1,1
0022300443,1610612747,Los Angeles Lakers,LAL,0,0,37,88,0.42,7,24,0.292,25,32,0.781,8,31,39,23,12,4,10,15,-2.0,0.562,113.7,113.1,0.6,20.2,0.196,0.758,0.492,0.132,103.0,1,1
0022300428,1610612747,Los Angeles Lakers,LAL,1,1,52,97,0.536,15,30,0.5,14,14,1.0,5,37,42,41,11,7,11,21,21.0,0.562,113.7,113.1,0.6,20.2,0.196,0.758,0.492,0.132,103.0,1,1
0022300403,1610612747,Los Angeles Lakers,LAL,0,1,43,90,0.478,13,32,0.406,16,21,0.762,13,30,43,24,4,1,12,19,-11.0,0.562,113.7,113.1,0.6,20.2,0.196,0.758,0.492,0.132,103.0,1,1
0022300397,1610612747,Los Angeles Lakers,LAL,1,0,47,90,0.522,16,32,0.5,19,23,0.826,8,36,44,37,7,7,9,13,9.0,0.562,113.7,113.1,0.6,20.2,0.196,0.758,0.492,0.132,103.0,1,1
0022300380,1610612747,Los Angeles Lakers,LAL,0,0,41,83,0.494,10,24,0.417,19,24,0.792,7,31,38,21,6,6,17,18,-7.0,0.562,113.7,113.1,0.6,20.2,0.196,0.758,0.492,0.132,103.0,1,1
0022300370,1610612747,Los Angeles Lakers,LAL,0,0,42,94,0.447,12,37,0.324,12,15,0.8,8,32,40,27,7,7,13,11,-16.0,0.562,113.7,113.1,0.6,20.2,0.196,0.758,0.492,0.132,103.0,1,1
0022300359,1610612747,Los Angeles Lakers,LAL,0,1,42,99,0.424,13,41,0.317,12,13,0.923,9,32,41,29,9,3,10,17,-5.0,0.562,113.7,113.1,0.6,20.2,0.196,0.758,0.492,0.132,103.0,1,1
0022300331,1610612747,Los Angeles Lakers,LAL,0,0,43,89,0.483,11,36,0.306,18,28,0.643,9,34,43,32,5,5,6,15,-14.0,0.562,113.7,113.1,0.6,20.2,0.196,0.758,0.492,0.132,103.0,1,1
0022300316,1610612747,Los Angeles Lakers,LAL,1,0,49,91,0.538,14,35,0.4,10,17,0.588,5,41,46,31,14,4,16,16,3.0,0.562,113.7,113.1,0.6,20.2,0.196,0.758,0.492,0.132,103.0,1,1
0022300306,1610612747,Los Angeles Lakers,LAL,0,0,49,91,0.538,15,29,0.517,12,18,0.667,10,30,40,34,4,4,15,20,-2.0,0.562,113.7,113.1,0.6,20.2,0.196,0.758,0.492,0.132,103.0,1,1
0022301230,1610612747,Los Angeles Lakers,LAL,1,1,47,86,0.547,17,35,0.486,22,29,0.759,11,48,59,31,6,4,14,16,44.0,0.562,113.7,113.1,0.6,20.2,0.196,0.758,0.492,0.132,103.0,1,1
0022301203,1610612747,Los Angeles Lakers,LAL,1,1,38,102,0.373,9,30,0.3,21,25,0.84,21,24,45,24,11,2,9,19,3.0,0.562,113.7,113.1,0.6,20.2,0.196,0.758,0.492,0.132,103.0,1,1
0022300291,1610612747,Los Angeles Lakers,LAL,1,1,40,89,0.449,8,27,0.296,19,27,0.704,9,39,48,24,11,7,9,17,10.0,0.562,113.7,113.1,0.6,20.2,0.196,0.758,0.492,0.132,103.0,1,1
0022300271,1610612747,Los Angeles Lakers,LAL,0,0,36,81,0.444,11,33,0.333,27,32,0.844,7,34,41,24,6,2,13,20,-23.0,0.562,113.7,113.1,0.6,20.2,0.196,0.758,0.492,0.132,103.0,1,1
0022300258,1610612747,Los Angeles Lakers,LAL,1,0,45,88,0.511,12,34,0.353,31,38,0.816,8,41,49,28,7,10,12,12,26.0,0.562,113.7,113.1,0.6,20.2,0.196,0.758,0.492,0.132,103.0,1,1
0022300255,1610612747,Los Angeles Lakers,LAL,0,0,39,83,0.47,7,28,0.25,9,13,0.692,6,26,32,23,3,4,17,18,-44.0,0.562,113.7,113.1,0.6,20.2,0.196,0.758,0.492,0.132,103.0,1,1
0022300242,1610612747,Los Angeles Lakers,LAL,1,0,47,90,0.522,9,27,0.333,18,21,0.857,9,35,44,34,9,8,18,15,6.0,0.562,113.7,113.1,0.6,20.2,0.196,0.758,0.492,0.132,103.0,1,1
0022300238,1610612747,Los Angeles Lakers,LAL,0,1,39,84,0.464,11,29,0.379,12,19,0.632,9,42,51,26,1,2,11,17,-3.0,0.562,113.7,113.1,0.6,20.2,0.196,0.758,0.492,0.132,103.0,1,1
0022300042,1610612747,Los Angeles Lakers,LAL,1,1,49,86,0.57,11,29,0.379,22,27,0.815,9,43,52,35,6,5,13,15,32.0,0.562,113.7,113.1,0.6,20.2,0.196,0.758,0.492,0.132,103.0,1,1
0022300216,1610612747,Los Angeles Lakers,LAL,1,1,39,83,0.47,6,29,0.207,21,29,0.724,10,32,42,26,13,1,17,13,1.0,0.562,113.7,113.1,0.6,20.2,0.196,0.758,0.492,0.132,103.0,1,1
0022300036,1610612747,Los Angeles Lakers,LAL,1,0,40,81,0.494,12,29,0.414,15,22,0.682,11,33,44,27,11,6,18,16,13.0,0.562,113.7,113.1,0.6,20.2,0.196,0.758,0.492,0.132,103.0,1,1
0022300198,1610612747,Los Angeles Lakers,LAL,0,1,42,83,0.506,11,29,0.379,15,19,0.789,7,36,43,25,12,6,23,17,-15.0,0.562,113.7,113.1,0.6,20.2,0.196,0.758,0.492,0.132,103.0,1,1
0022300026,1610612747,Los Angeles Lakers,LAL,1,1,47,81,0.58,22,35,0.629,18,24,0.75,10,44,54,30,4,10,18,13,27.0,0.562,113.7,113.1,0.6,20.2,0.196,0.758,0.492,0.132,103.0,1,1
0022300187,1610612747,Los Angeles Lakers,LAL,1,1,41,84,0.488,4,19,0.211,30,37,0.811,7,34,41,27,8,4,9,11,6.0,0.562,113.7,113.1,0.6,20.2,0.196,0.758,0.492,0.132,103.0,1,1
0022300015,1610612747,Los Angeles Lakers,LAL,1,0,42,84,0.5,12,27,0.444,26,34,0.765,9,34,43,27,9,7,11,20,3.0,0.562,113.7,113.1,0.6,20.2,0.196,0.758,0.492,0.132,103.0,1,1
0022300163,1610612747,Los Angeles Lakers,LAL,0,0,36,85,0.424,7,25,0.28,15,24,0.625,5,29,34,20,7,6,9,18,-34.0,0.562,113.7,113.1,0.6,20.2,0.196,0.758,0.492,0.132,103.0,1,1
0022300150,1610612747,Los Angeles Lakers,LAL,0,0,44,81,0.543,8,26,0.308,11,14,0.786,5,33,38,28,6,5,17,17,-1.0,0.562,113.7,113.1,0.6,20.2,0.196,0.758,0.492,0.132,103.0,1,1
0022300134,1610612747,Los Angeles Lakers,LAL,0,0,37,84,0.44,8,30,0.267,19,21,0.905,10,30,40,17,6,10,17,21,-19.0,0.562,113.7,113.1,0.6,20.2,0.196,0.758,0.492,0.132,103.0,1,1
0022300127,1610612747,Los Angeles Lakers,LAL,1,1,46,90,0.511,11,32,0.344,27,36,0.75,9,42,51,28,10,9,14,24,5.0,0.562,113.7,113.1,0.6,20.2,0.196,0.758,0.492,0.132,103.0,1,1
0022300111,1610612747,Los Angeles Lakers,LAL,1,1,42,79,0.532,8,27,0.296,14,18,0.778,3,37,40,28,7,10,16,17,3.0,0.562,113.7,113.1,0.6,20.2,0.196,0.758,0.492,0.132,103.0,1,1
0022300100,1610612747,Los Angeles Lakers,LAL,0,0,43,98,0.439,15,45,0.333,26,34,0.765,8,45,53,27,4,4,12,22,-5.0,0.562,113.7,113.1,0.6,20.2,0.196,0.758,0.492,0.132,103.0,1,1
0022300076,1610612747,Los Angeles Lakers,LAL,1,1,36,84,0.429,5,29,0.172,23,29,0.793,8,34,42,24,14,7,16,23,5.0,0.562,113.7,113.1,0.6,20.2,0.196,0.758,0.492,0.132,103.0,1,1
0022300061,1610612747,Los Angeles Lakers,LAL,0,0,41,90,0.456,10,29,0.345,15,20,0.75,13,31,44,23,5,4,11,18,-12.0,0.562,113.7,113.1,0.6,20.2,0.196,0.758,0.492,0.132,103.0,1,1
0022301055,1610612763,Memphis Grizzlies,MEM,0,1,46,97,0.474,17,43,0.395,15,19,0.789,13,26,39,30,10,3,14,23,-12.0,0.329,104.4,111.8,-7.4,18.0,0.23,0.748,0.48,0.149,100.9,0,1
0022300491,1610612763,Memphis Grizzlies,MEM,1,0,44,82,0.537,23,45,0.511,16,20,0.8,6,38,44,33,8,4,17,20,14.0,0.329,104.4,111.8,-7.4,18.0,0.23,0.748,0.48,0.149,100.9,0,1
0022300026,1610612763,Memphis Grizzlies,MEM,0,0,39,106,0.368,20,53,0.377,9,12,0.75,13,20,33,28,8,9,9,15,-27.0,0.329,104.4,111.8,-7.4,18.0,0.23,0.748,0.48,0.149,100.9,0,1
0022301045,1610612749,Milwaukee Bucks,MIL,0,1,49,119,0.412,15,51,0.294,11,17,0.647,15,46,61,37,9,5,14,26,-4.0,0.63,116.8,112.8,3.9,19.0,0.216,0.77,0.5,0.123,102.6,0,1
0022300915,1610612749,Milwaukee Bucks,MIL,0,0,46,93,0.495,16,41,0.39,14,17,0.824,6,37,43,28,3,2,6,17,-1.0,0.63,116.8,112.8,3.9,19.0,0.216,0.77,0.5,0.123,102.6,0,1
0022301032,1610612754,Indiana Pacers,IND,0,0,59,107,0.551,18,36,0.5,9,16,0.563,10,30,40,39,6,4,11,31,-5.0,0.554,117.5,115.9,1.5,20.9,0.235,0.741,0.487,0.125,104.3,0,1
0022301018,1610612755,Philadelphia 76ers,PHI,0,0,33,96,0.344,8,37,0.216,20,24,0.833,13,29,42,20,13,7,8,23,-7.0,0.534,113.6,111.8,1.7,17.9,0.249,0.74,0.49,0.118,100.0,0,1
0022300255,1610612755,Philadelphia 76ers,PHI,1,1,47,93,0.505,22,46,0.478,22,26,0.846,15,33,48,33,11,2,5,17,44.0,0.534,113.6,111.8,1.7,17.9,0.249,0.74,0.49,0.118,100.0,0,1
0022300990,1610612737,Atlanta Hawks,ATL,0,0,42,98,0.429,9,41,0.22,12,15,0.8,12,30,42,32,8,5,9,14,-31.0,0.466,115.1,116.6,-1.5,18.3,0.278,0.746,0.503,0.128,102.7,0,1
0022300669,1610612737,Atlanta Hawks,ATL,1,1,53,101,0.525,16,38,0.421,16,18,0.889,12,34,46,32,10,2,12,18,16.0,0.466,115.1,116.6,-1.5,18.3,0.278,0.746,0.503,0.128,102.7,0,1
0022300973,1610612744,Golden State Warriors,GSW,1,0,51,97,0.526,14,34,0.412,12,15,0.8,14,31,45,38,3,4,7,19,7.0,0.528,114.5,113.0,1.5,19.9,0.276,0.76,0.52,0.137,102.1,0,1
0022300802,1610612744,Golden State Warriors,GSW,1,1,50,107,0.467,16,41,0.39,12,14,0.857,15,33,48,32,6,4,9,19,18.0,0.528,114.5,113.0,1.5,19.9,0.276,0.76,0.52,0.137,102.1,0,1
0022300650,1610612744,Golden State Warriors,GSW,0,1,55,119,0.462,23,58,0.397,11,16,0.688,11,39,50,37,11,3,17,34,-1.0,0.528,114.5,113.0,1.5,19.9,0.276,0.76,0.52,0.137,102.1,0,1
0022300954,1610612758,Sacramento Kings,SAC,1,1,46,88,0.523,19,41,0.463,9,12,0.75,9,35,44,30,11,2,12,19,13.0,0.583,113.9,113.7,0.2,19.9,0.24,0.785,0.507,0.129,101.6,0,1
0022300901,1610612758,Sacramento Kings,SAC,1,0,54,97,0.557,12,31,0.387,10,12,0.833,9,37,46,32,8,2,13,23,10.0,0.583,113.9,113.7,0.2,19.9,0.24,0.785,0.507,0.129,101.6,0,1
0022300198,1610612758,Sacramento Kings,SAC,1,0,48,96,0.5,16,44,0.364,13,17,0.765,11,34,45,31,20,1,15,20,15.0,0.583,113.9,113.7,0.2,19.9,0.24,0.785,0.507,0.129,101.6,0,1
0022300100,1610612758,Sacramento Kings,SAC,1,1,49,104,0.471,17,48,0.354,17,24,0.708,6,41,47,30,6,7,10,28,5.0,0.583,113.9,113.7,0.2,19.9,0.24,0.785,0.507,0.129,101.6,0,1
0022300932,1610612750,Minnesota Timberwolves,MIN,0,0,41,97,0.423,16,46,0.348,11,13,0.846,11,27,38,27,8,6,11,18,-11.0,0.694,113.0,106.0,7.0,19.2,0.234,0.77,0.515,0.142,99.5,0,1
0022300443,1610612750,Minnesota Timberwolves,MIN,1,1,38,76,0.5,12,34,0.353,20,24,0.833,7,38,45,24,8,8,19,26,2.0,0.694,113.0,106.0,7.0,19.2,0.234,0.77,0.515,0.142,99.5,0,1
0022300380,1610612750,Minnesota Timberwolves,MIN,1,1,42,87,0.483,14,36,0.389,20,25,0.8,9,31,40,32,13,7,14,19,7.0,0.694,113.0,106.0,7.0,19.2,0.234,0.77,0.515,0.142,99.5,0,1
0022300884,1610612760,Oklahoma City Thunder,OKC,0,0,37,94,0.394,15,39,0.385,15,16,0.938,13,25,38,22,12,7,10,20,-12.0,0.694,117.3,109.5,7.8,19.2,0.212,0.734,0.483,0.122,102.2,0,1
0022300565,1610612760,Oklahoma City Thunder,OKC,0,0,40,96,0.417,15,49,0.306,10,11,0.909,13,27,40,23,11,6,11,18,-7.0,0.694,117.3,109.5,7.8,19.2,0.212,0.734,0.483,0.122,102.2,0,1
0022300397,1610612760,Oklahoma City Thunder,OKC,0,1,46,95,0.484,13,41,0.317,15,19,0.789,11,31,42,24,6,7,9,17,-9.0,0.694,117.3,109.5,7.8,19.2,0.212,0.734,0.483,0.122,102.2,0,1
0022300271,1610612760,Oklahoma City Thunder,OKC,1,1,50,94,0.532,14,42,0.333,19,22,0.864,8,40,48,29,9,6,7,24,23.0,0.694,117.3,109.5,7.8,19.2,0.212,0.734,0.483,0.122,102.2,0,1
0022300869,1610612743,Denver Nuggets,DEN,1,0,54,92,0.587,11,26,0.423,5,7,0.714,11,36,47,34,5,7,10,8,10.0,0.699,115.5,111.1,4.4,20.8,0.257,0.752,0.511,0.126,98.9,0,1
0022300740,1610612743,Denver Nuggets,DEN,1,0,47,97,0.485,14,32,0.438,6,7,0.857,14,36,50,33,4,6,12,17,8.0,0.699,115.5,111.1,4.4,20.8,0.257,0.752,0.511,0.126,98.9,0,1
0022300061,1610612743,Denver Nuggets,DEN,1,1,48,91,0.527,14,34,0.412,9,12,0.75,9,33,42,29,9,6,11,15,12.0,0.699,115.5,111.1,4.4,20.8,0.257,0.752,0.511,0.126,98.9,0,1
0022300856,1610612764,Washington Wizards,WAS,0,0,52,102,0.51,17,41,0.415,10,12,0.833,10,35,45,35,6,6,15,19,-3.0,0.192,108.4,117.1,-8.7,19.5,0.205,0.721,0.456,0.133,104.9,0,1
0022300848,1610612746,LA Clippers,LAC,0,1,45,89,0.506,10,37,0.27,12,16,0.75,9,27,36,29,10,1,12,17,-4.0,0.625,117.0,113.1,3.9,18.9,0.243,0.746,0.503,0.131,99.5,0,1
0022300618,1610612746,LA Clippers,LAC,1,1,52,88,0.591,14,27,0.519,9,12,0.75,6,30,36,33,8,5,14,17,11.0,0.625,117.0,113.1,3.9,18.9,0.243,0.746,0.503,0.131,99.5,0,1
0022300505,1610612746,LA Clippers,LAC,0,0,36,91,0.396,14,37,0.378,17,19,0.895,13,27,40,21,12,5,14,19,-3.0,0.625,117.0,113.1,3.9,18.9,0.243,0.746,0.503,0.131,99.5,0,1
0022300127,1610612746,LA Clippers,LAC,0,0,47,99,0.475,14,34,0.412,17,27,0.63,12,34,46,22,12,1,13,31,-5.0,0.625,117.0,113.1,3.9,18.9,0.243,0.746,0.503,0.131,99.5,0,1
0022300818,1610612756,Phoenix Suns,PHX,1,1,44,93,0.473,17,40,0.425,18,19,0.947,14,37,51,32,6,9,12,12,10.0,0.589,115.2,111.9,3.3,19.3,0.253,0.754,0.518,0.147,101.0,0,1
0022300531,1610612756,Phoenix Suns,PHX,1,0,46,93,0.495,14,39,0.359,21,23,0.913,13,33,46,23,12,3,12,16,18.0,0.589,115.2,111.9,3.3,19.3,0.253,0.754,0.518,0.147,101.0,0,1
0022301203,1610612756,Phoenix Suns,PHX,0,0,37,75,0.493,12,25,0.48,17,21,0.81,8,36,44,25,8,5,20,21,-3.0,0.589,115.2,111.9,3.3,19.3,0.253,0.754,0.518,0.147,101.0,0,1
0022300015,1610612756,Phoenix Suns,PHX,0,1,42,94,0.447,15,37,0.405,20,27,0.741,17,35,52,22,9,1,13,24,-3.0,0.589,115.2,111.9,3.3,19.3,0.253,0.754,0.518,0.147,101.0,0,1
0022300076,1610612756,Phoenix Suns,PHX,0,0,34,81,0.42,9,31,0.29,18,23,0.783,10,39,49,16,7,3,20,21,-5.0,0.589,115.2,111.9,3.3,19.3,0.253,0.754,0.518,0.147,101.0,0,1
0022300813,1610612759,San Antonio Spurs,SAS,0,0,42,96,0.438,15,38,0.395,19,23,0.826,16,31,47,33,9,7,14,14,-5.0,0.233,107.4,114.7,-7.2,20.4,0.228,0.762,0.491,0.144,103.6,0,1
0022300331,1610612759,San Antonio Spurs,SAS,1,1,47,95,0.495,18,42,0.429,17,19,0.895,9,36,45,35,5,5,8,19,14.0,0.233,107.4,114.7,-7.2,20.4,0.228,0.762,0.491,0.144,103.6,0,1
0022300316,1610612759,San Antonio Spurs,SAS,0,1,45,96,0.469,16,37,0.432,13,18,0.722,10,36,46,28,8,6,17,16,-3.0,0.233,107.4,114.7,-7.2,20.4,0.228,0.762,0.491,0.144,103.6,0,1
0022300788,1610612762,Utah Jazz,UTA,0,1,49,101,0.485,14,45,0.311,10,13,0.769,15,29,44,29,5,7,13,21,-16.0,0.397,112.5,117.5,-5.0,19.2,0.282,0.758,0.522,0.15,102.4,0,1
0022300549,1610612762,Utah Jazz,UTA,1,1,42,93,0.452,12,37,0.324,36,39,0.923,13,39,52,28,7,5,10,20,7.0,0.397,112.5,117.5,-5.0,19.2,0.282,0.758,0.522,0.15,102.4,0,1
0022300042,1610612762,Utah Jazz,UTA,0,0,38,98,0.388,11,44,0.25,12,16,0.75,13,29,42,25,6,3,14,22,-32.0,0.397,112.5,117.5,-5.0,19.2,0.282,0.758,0.522,0.15,102.4,0,1
0022300776,1610612765,Detroit Pistons,DET,0,0,45,108,0.417,8,28,0.286,13,17,0.765,17,33,50,30,8,2,10,24,-14.0,0.164,107.8,116.6,-8.8,18.4,0.246,0.778,0.508,0.15,102.4,0,1
0022300258,1610612765,Detroit Pistons,DET,0,1,40,97,0.412,15,36,0.417,12,14,0.857,10,29,39,28,8,3,14,31,-26.0,0.164,107.8,116.6,-8.8,18.4,0.246,0.778,0.508,0.15,102.4,0,1
0022300747,1610612740,New Orleans Pelicans,NOP,0,0,46,89,0.517,11,29,0.379,19,23,0.826,10,31,41,28,5,7,13,22,-17.0,0.616,115.2,109.5,5.7,19.4,0.248,0.769,0.513,0.13,100.4,0,1
0022300446,1610612740,New Orleans Pelicans,NOP,1,1,45,87,0.517,17,34,0.5,22,27,0.815,12,35,47,33,9,6,11,22,20.0,0.616,115.2,109.5,5.7,19.4,0.248,0.769,0.513,0.13,100.4,0,1
0022301230,1610612740,New Orleans Pelicans,NOP,0,0,34,95,0.358,7,31,0.226,14,20,0.7,12,30,42,22,7,5,12,21,-44.0,0.616,115.2,109.5,5.7,19.4,0.248,0.769,0.513,0.13,100.4,0,1
0022300713,1610612766,Charlotte Hornets,CHA,0,1,47,96,0.49,13,32,0.406,11,14,0.786,5,29,34,26,9,1,9,16,-6.0,0.25,106.6,116.7,-10.2,18.1,0.218,0.749,0.473,0.139,99.6,0,1
0022300428,1610612766,Charlotte Hornets,CHA,0,0,40,85,0.471,15,33,0.455,17,28,0.607,8,35,43,29,5,5,19,14,-21.0,0.25,106.6,116.7,-10.2,18.1,0.218,0.749,0.473,0.139,99.6,0,1
0022300701,1610612752,New York Knicks,NYK,0,1,41,100,0.41,10,35,0.286,13,15,0.867,18,33,51,21,1,4,7,20,-8.0,0.611,113.8,110.4,3.4,17.7,0.297,0.766,0.531,0.135,98.1,0,1
0022300359,1610612752,New York Knicks,NYK,1,0,42,88,0.477,10,30,0.333,20,23,0.87,11,41,52,21,5,6,15,16,5.0,0.611,113.8,110.4,3.4,17.7,0.297,0.766,0.531,0.135,98.1,0,1
0022300684,1610612738,Boston Celtics,BOS,0,1,41,97,0.423,16,48,0.333,7,7,1.0,14,40,54,30,4,12,15,19,-9.0,0.781,120.3,109.3,10.9,19.1,0.249,0.763,0.517,0.119,99.7,0,1
0022300403,1610612738,Boston Celtics,BOS,1,0,46,91,0.505,13,42,0.31,21,28,0.75,11,33,44,31,8,7,8,17,11.0,0.781,120.3,109.3,10.9,19.1,0.249,0.763,0.517,0.119,99.7,0,1
0022300662,1610612745,Houston Rockets,HOU,1,1,52,98,0.531,12,36,0.333,19,25,0.76,14,42,56,36,10,2,15,19,16.0,0.514,111.6,110.0,1.6,17.7,0.252,0.764,0.507,0.126,101.6,0,1
0022300291,1610612745,Houston Rockets,HOU,0,0,36,89,0.404,11,31,0.355,14,18,0.778,11,43,54,24,5,7,16,23,-10.0,0.514,111.6,110.0,1.6,17.7,0.252,0.764,0.507,0.126,101.6,0,1
0022300216,1610612745,Houston Rockets,HOU,0,0,41,84,0.488,14,37,0.378,8,10,0.8,6,28,34,35,7,3,18,25,-1.0,0.514,111.6,110.0,1.6,17.7,0.252,0.764,0.507,0.126,101.6,0,1
0022300163,1610612745,Houston Rockets,HOU,1,1,51,93,0.548,14,33,0.424,12,19,0.632,14,43,57,26,4,4,11,23,34.0,0.514,111.6,110.0,1.6,17.7,0.252,0.764,0.507,0.126,101.6,0,1
0022300633,1610612741,Chicago Bulls,CHI,0,0,47,88,0.534,12,37,0.324,26,29,0.897,12,27,39,27,7,6,16,18,-9.0,0.479,112.2,113.0,-0.8,18.2,0.248,0.76,0.499,0.121,98.7,0,1
0022300370,1610612741,Chicago Bulls,CHI,1,1,48,88,0.545,18,34,0.529,10,11,0.909,7,41,48,25,7,6,15,15,16.0,0.479,112.2,113.0,-0.8,18.2,0.248,0.76,0.499,0.121,98.7,0,1
0022300605,1610612757,Portland Trail Blazers,POR,0,0,42,90,0.467,9,29,0.31,17,20,0.85,10,25,35,24,7,5,12,21,-24.0,0.26,106.0,114.6,-8.6,16.7,0.27,0.733,0.489,0.15,100.2,0,1
0022300036,1610612757,Portland Trail Blazers,POR,0,1,36,89,0.404,10,37,0.27,13,18,0.722,19,29,48,17,11,2,18,17,-13.0,0.26,106.0,114.6,-8.6,16.7,0.27,0.733,0.489,0.15,100.2,0,1
0022300187,1610612757,Portland Trail Blazers,POR,0,0,45,90,0.5,13,37,0.351,7,9,0.778,5,33,38,29,2,8,15,25,-6.0,0.26,106.0,114.6,-8.6,16.7,0.27,0.733,0.489,0.15,100.2,0,1
0022300591,1610612751,Brooklyn Nets,BKN,1,0,50,95,0.526,19,47,0.404,11,14,0.786,8,33,41,31,10,4,8,17,18.0,0.384,110.8,113.2,-2.4,18.9,0.252,0.76,0.498,0.13,99.5,0,1
0022300577,1610612742,Dallas Mavericks,DAL,0,0,42,91,0.462,11,40,0.275,15,18,0.833,11,32,43,26,4,5,15,19,-17.0,0.597,116.0,113.5,2.5,18.5,0.224,0.747,0.486,0.12,102.6,0,1
0022300306,1610612742,Dallas Mavericks,DAL,1,1,44,89,0.494,21,43,0.488,18,21,0.857,12,24,36,28,7,5,10,17,2.0,0.597,116.0,113.5,2.5,18.5,0.224,0.747,0.486,0.12,102.6,0,1
0022300238,1610612742,Dallas Mavericks,DAL,1,0,38,96,0.396,16,50,0.32,12,16,0.75,11,37,48,21,5,4,4,18,3.0,0.597,116.0,113.5,2.5,18.5,0.224,0.747,0.486,0.12,102.6,0,1
0022300516,1610612761,Toronto Raptors,TOR,0,0,53,94,0.564,17,35,0.486,8,13,0.615,5,32,37,34,8,4,12,26,-1.0,0.315,110.4,115.3,-4.9,20.3,0.244,0.739,0.486,0.135,101.5,0,1
0022300475,1610612748,Miami Heat,MIA,1,0,41,93,0.441,16,42,0.381,12,17,0.706,7,32,39,30,14,3,8,23,14.0,0.542,111.0,110.3,0.7,18.9,0.219,0.78,0.495,0.127,98.4,0,1
0022300150,1610612748,Miami Heat,MIA,1,1,41,88,0.466,12,37,0.324,14,16,0.875,11,33,44,30,11,4,17,14,1.0,0.542,111.0,110.3,0.7,18.9,0.219,0.78,0.495,0.127,98.4,0,1
0022300242,1610612739,Cleveland Cavaliers,CLE,0,1,43,91,0.473,9,28,0.321,20,23,0.87,7,30,37,30,13,4,14,16,-6.0,0.603,113.0,109.0,4.0,20.1,0.235,0.77,0.507,0.135,99.3,0,1
0022300134,1610612753,Orlando Magic,ORL,1,1,46,101,0.455,12,33,0.364,16,19,0.842,19,32,51,29,6,9,15,18,19.0,0.583,110.7,108.6,2.2,18.1,0.257,0.781,0.516,0.148,99.4,0,1
0022300111,1610612753,Orlando Magic,ORL,0,0,38,95,0.4,14,35,0.4,13,18,0.722,12,32,44,28,10,3,11,22,-3.0,0.583,110.7,108.6,2.2,18.1,0.257,0.781,0.516,0.148,99.4,0,1
0022301054,1610612754,Indiana Pacers,IND,0,0,34,85,0.4,13,42,0.31,18,23,0.783,12,28,40,25,3,4,13,23,-26.0,0.554,117.5,115.9,1.5,20.9,0.235,0.741,0.487,0.125,104.3,1,0
0022301043,1610612754,Indiana Pacers,IND,1,0,50,86,0.581,17,28,0.607,16,22,0.727,7,27,34,28,7,3,8,21,17.0,0.554,117.5,115.9,1.5,20.9,0.235,0.741,0.487,0.125,104.3,1,0
0022301032,1610612754,Indiana Pacers,IND,0,0,59,107,0.551,18,36,0.5,9,16,0.563,10,30,40,39,6,4,11,31,-5.0,0.554,117.5,115.9,1.5,20.9,0.235,0.741,0.487,0.125,104.3,1,0
0022301016,1610612754,Indiana Pacers,IND,1,0,48,99,0.485,15,36,0.417,12,16,0.75,12,38,50,32,8,10,11,14,12.0,0.554,117.5,115.9,1.5,20.9,0.235,0.741,0.487,0.125,104.3,1,0
0022300997,1610612754,Indiana Pacers,IND,1,0,50,88,0.568,11,29,0.379,11,18,0.611,5,35,40,38,13,6,12,16,19.0,0.554,117.5,115.9,1.5,20.9,0.235,0.741,0.487,0.125,104.3,1,0
0022300983,1610612754,Indiana Pacers,IND,0,1,42,91,0.462,9,38,0.237,10,16,0.625,14,31,45,28,8,3,11,24,-5.0,0.554,117.5,115.9,1.5,20.9,0.235,0.741,0.487,0.125,104.3,1,0
0022300968,1610612754,Indiana Pacers,IND,1,1,50,105,0.476,6,30,0.2,15,16,0.938,17,33,50,21,13,4,10,23,21.0,0.554,117.5,115.9,1.5,20.9,0.235,0.741,0.487,0.125,104.3,1,0
0022300948,1610612754,Indiana Pacers,IND,0,1,46,99,0.465,14,45,0.311,23,28,0.821,9,38,47,30,4,6,8,25,-3.0,0.554,117.5,115.9,1.5,20.9,0.235,0.741,0.487,0.125,104.3,1,0
0022300941,1610612754,Indiana Pacers,IND,1,0,48,89,0.539,9,28,0.321,16,19,0.842,4,39,43,34,8,10,9,11,10.0,0.554,117.5,115.9,1.5,20.9,0.235,0.741,0.487,0.125,104.3,1,0
0022300928,1610612754,Indiana Pacers,IND,1,0,38,78,0.487,8,23,0.348,27,33,0.818,5,41,46,20,5,10,12,21,14.0,0.554,117.5,115.9,1.5,20.9,0.235,0.741,0.487,0.125,104.3,1,0
0022300903,1610612754,Indiana Pacers,IND,0,1,42,82,0.512,10,26,0.385,17,23,0.739,7,32,39,26,5,10,15,24,-2.0,0.554,117.5,115.9,1.5,20.9,0.235,0.741,0.487,0.125,104.3,1,0
0022300892,1610612754,Indiana Pacers,IND,1,0,50,93,0.538,18,39,0.462,19,24,0.792,9,34,43,34,3,2,8,21,17.0,0.554,117.5,115.9,1.5,20.9,0.235,0.741,0.487,0.125,104.3,1,0
0022300877,1610612754,Indiana Pacers,IND,0,0,41,93,0.441,6,30,0.2,17,21,0.81,14,28,42,20,9,4,10,14,-12.0,0.554,117.5,115.9,1.5,20.9,0.235,0.741,0.487,0.125,104.3,1,0
0022300863,1610612754,Indiana Pacers,IND,0,0,40,95,0.421,10,32,0.313,12,18,0.667,17,27,44,25,9,8,16,21,-27.0,0.554,117.5,115.9,1.5,20.9,0.235,0.741,0.487,0.125,104.3,1,0
0022300843,1610612754,Indiana Pacers,IND,1,1,50,102,0.49,14,38,0.368,9,9,1.0,14,36,50,34,5,9,8,21,9.0,0.554,117.5,115.9,1.5,20.9,0.235,0.741,0.487,0.125,104.3,1,0
0022300829,1610612754,Indiana Pacers,IND,0,1,46,100,0.46,13,42,0.31,17,23,0.739,13,30,43,27,8,5,10,19,-8.0,0.554,117.5,115.9,1.5,20.9,0.235,0.741,0.487,0.125,104.3,1,0
0022300819,1610612754,Indiana Pacers,IND,1,1,52,93,0.559,14,36,0.389,15,17,0.882,6,40,46,38,12,0,12,16,22.0,0.554,117.5,115.9,1.5,20.9,0.235,0.741,0.487,0.125,104.3,1,0
0022300793,1610612754,Indiana Pacers,IND,1,1,50,94,0.532,13,30,0.433,16,19,0.842,7,35,42,36,10,5,13,15,14.0,0.554,117.5,115.9,1.5,20.9,0.235,0.741,0.487,0.125,104.3,1,0
0022300782,1610612754,Indiana Pacers,IND,1,0,47,97,0.485,17,41,0.415,16,23,0.696,9,30,39,32,9,9,8,20,2.0,0.554,117.5,115.9,1.5,20.9,0.235,0.741,0.487,0.125,104.3,1,0
0022300761,1610612754,Indiana Pacers,IND,0,0,42,83,0.506,8,30,0.267,10,16,0.625,2,30,32,31,9,3,11,11,-9.0,0.554,117.5,115.9,1.5,20.9,0.235,0.741,0.487,0.125,104.3,1,0
0022300755,1610612754,Indiana Pacers,IND,1,0,50,82,0.61,14,29,0.483,11,19,0.579,6,35,41,30,4,3,15,20,14.0,0.554,117.5,115.9,1.5,20.9,0.235,0.741,0.487,0.125,104.3,1,0
0022300733,1610612754,Indiana Pacers,IND,0,1,39,81,0.481,12,31,0.387,19,27,0.704,7,23,30,31,11,6,14,17,-22.0,0.554,117.5,115.9,1.5,20.9,0.235,0.741,0.487,0.125,104.3,1,0
0022300719,1610612754,Indiana Pacers,IND,1,1,54,86,0.628,15,32,0.469,9,14,0.643,5,20,25,35,7,7,12,20,3.0,0.554,117.5,115.9,1.5,20.9,0.235,0.741,0.487,0.125,104.3,1,0
0022300707,1610612754,Indiana Pacers,IND,1,0,45,92,0.489,11,33,0.333,14,18,0.778,11,38,49,34,5,4,11,15,16.0,0.554,117.5,115.9,1.5,20.9,0.235,0.741,0.487,0.125,104.3,1,0
0022300691,1610612754,Indiana Pacers,IND,0,1,46,85,0.541,10,29,0.345,20,24,0.833,8,31,39,23,13,3,22,20,-11.0,0.554,117.5,115.9,1.5,20.9,0.235,0.741,0.487,0.125,104.3,1,0
0022300685,1610612754,Indiana Pacers,IND,0,0,42,93,0.452,13,33,0.394,8,13,0.615,9,35,44,21,9,9,13,25,-4.0,0.554,117.5,115.9,1.5,20.9,0.235,0.741,0.487,0.125,104.3,1,0
0022300670,1610612754,Indiana Pacers,IND,0,0,50,108,0.463,12,39,0.308,12,15,0.8,19,31,50,33,4,2,7,21,-5.0,0.554,117.5,115.9,1.5,20.9,0.235,0.741,0.487,0.125,104.3,1,0
0022300652,1610612754,Indiana Pacers,IND,1,1,44,90,0.489,13,35,0.371,15,16,0.938,11,33,44,31,8,6,10,26,6.0,0.554,117.5,115.9,1.5,20.9,0.235,0.741,0.487,0.125,104.3,1,0
0022300636,1610612754,Indiana Pacers,IND,1,1,58,109,0.532,8,26,0.308,9,15,0.6,21,27,48,34,8,3,12,17,2.0,0.554,117.5,115.9,1.5,20.9,0.235,0.741,0.487,0.125,104.3,1,0
0022300627,1610612754,Indiana Pacers,IND,1,1,53,93,0.57,12,28,0.429,16,21,0.762,12,43,55,35,6,8,21,33,12.0,0.554,117.5,115.9,1.5,20.9,0.235,0.741,0.487,0.125,104.3,1,0
0022300614,1610612754,Indiana Pacers,IND,0,1,43,87,0.494,5,21,0.238,18,21,0.857,7,31,38,24,4,1,10,16,-5.0,0.554,117.5,115.9,1.5,20.9,0.235,0.741,0.487,0.125,104.3,1,0
0022300604,1610612754,Indiana Pacers,IND,0,0,41,94,0.436,14,31,0.452,14,23,0.609,14,26,40,28,9,4,11,20,-7.0,0.554,117.5,115.9,1.5,20.9,0.235,0.741,0.487,0.125,104.3,1,0
0022300590,1610612754,Indiana Pacers,IND,0,0,39,91,0.429,20,47,0.426,17,25,0.68,6,31,37,34,3,6,13,26,-3.0,0.554,117.5,115.9,1.5,20.9,0.235,0.741,0.487,0.125,104.3,1,0
0022300583,1610612754,Indiana Pacers,IND,1,0,49,89,0.551,13,33,0.394,15,19,0.789,4,30,34,33,5,6,11,20,5.0,0.554,117.5,115.9,1.5,20.9,0.235,0.741,0.487,0.125,104.3,1,0
0022300564,1610612754,Indiana Pacers,IND,0,0,38,95,0.4,9,31,0.29,20,25,0.8,18,25,43,27,9,4,13,31,-27.0,0.554,117.5,115.9,1.5,20.9,0.235,0.741,0.487,0.125,104.3,1,0
0022300550,1610612754,Indiana Pacers,IND,0,0,43,92,0.467,8,29,0.276,15,22,0.682,14,23,37,28,11,1,13,21,-8.0,0.554,117.5,115.9,1.5,20.9,0.235,0.741,0.487,0.125,104.3,1,0
0022300533,1610612754,Indiana Pacers,IND,1,0,53,79,0.671,11,18,0.611,9,12,0.75,10,35,45,41,12,9,25,21,18.0,0.554,117.5,115.9,1.5,20.9,0.235,0.741,0.487,0.125,104.3,1,0
0022300520,1610612754,Indiana Pacers,IND,1,1,41,92,0.446,8,25,0.32,22,24,0.917,14,40,54,31,7,6,13,22,8.0,0.554,117.5,115.9,1.5,20.9,0.235,0.741,0.487,0.125,104.3,1,0
0022300507,1610612754,Indiana Pacers,IND,1,1,48,91,0.527,19,40,0.475,18,22,0.818,9,30,39,29,6,7,13,23,2.0,0.554,117.5,115.9,1.5,20.9,0.235,0.741,0.487,0.125,104.3,1,0
0022300493,1610612754,Indiana Pacers,IND,0,1,38,92,0.413,8,42,0.19,17,22,0.773,10,28,38,23,12,2,9,18,-17.0,0.554,117.5,115.9,1.5,20.9,0.235,0.741,0.487,0.125,104.3,1,0
0022300480,1610612754,Indiana Pacers,IND,1,1,60,94,0.638,19,39,0.487,11,13,0.846,8,31,39,50,12,3,14,24,34.0,0.554,117.5,115.9,1.5,20.9,0.235,0.741,0.487,0.125,104.3,1,0
0022300466,1610612754,Indiana Pacers,IND,1,1,50,90,0.556,14,35,0.4,28,34,0.824,7,37,44,34,7,5,10,27,12.0,0.554,117.5,115.9,1.5,20.9,0.235,0.741,0.487,0.125,104.3,1,0
0022300454,1610612754,Indiana Pacers,IND,1,0,43,97,0.443,5,35,0.143,31,38,0.816,14,38,52,23,7,5,7,24,9.0,0.554,117.5,115.9,1.5,20.9,0.235,0.741,0.487,0.125,104.3,1,0
0022300441,1610612754,Indiana Pacers,IND,1,1,50,85,0.588,23,43,0.535,17,21,0.81,7,27,34,40,6,7,16,18,14.0,0.554,117.5,115.9,1.5,20.9,0.235,0.741,0.487,0.125,104.3,1,0
0022300422,1610612754,Indiana Pacers,IND,1,0,43,85,0.506,19,42,0.452,15,22,0.682,6,41,47,30,6,9,13,21,16.0,0.554,117.5,115.9,1.5,20.9,0.235,0.741,0.487,0.125,104.3,1,0
0022300409,1610612754,Indiana Pacers,IND,1,0,43,82,0.524,19,43,0.442,18,21,0.857,10,35,45,28,5,7,20,22,6.0,0.554,117.5,115.9,1.5,20.9,0.235,0.741,0.487,0.125,104.3,1,0
0022300391,1610612754,Indiana Pacers,IND,0,1,43,82,0.524,15,34,0.441,9,13,0.692,7,26,33,27,7,6,15,30,-7.0,0.554,117.5,115.9,1.5,20.9,0.235,0.741,0.487,0.125,104.3,1,0
0022300377,1610612754,Indiana Pacers,IND,0,0,38,90,0.422,18,52,0.346,9,11,0.818,12,27,39,28,12,9,16,21,-13.0,0.554,117.5,115.9,1.5,20.9,0.235,0.741,0.487,0.125,104.3,1,0
0022300365,1610612754,Indiana Pacers,IND,1,1,49,80,0.613,18,39,0.462,28,30,0.933,8,30,38,37,6,8,13,20,31.0,0.554,117.5,115.9,1.5,20.9,0.235,0.741,0.487,0.125,104.3,1,0
0022300350,1610612754,Indiana Pacers,IND,0,1,49,95,0.516,12,33,0.364,17,21,0.81,11,23,34,38,6,7,11,21,-24.0,0.554,117.5,115.9,1.5,20.9,0.235,0.741,0.487,0.125,104.3,1,0
0022300338,1610612754,Indiana Pacers,IND,0,0,45,90,0.5,6,21,0.286,13,16,0.813,13,27,40,25,10,6,13,15,-18.0,0.554,117.5,115.9,1.5,20.9,0.235,0.741,0.487,0.125,104.3,1,0
0022300328,1610612754,Indiana Pacers,IND,0,0,48,107,0.449,15,40,0.375,12,16,0.75,13,28,41,35,7,8,15,25,-14.0,0.554,117.5,115.9,1.5,20.9,0.235,0.741,0.487,0.125,104.3,1,0
0022300315,1610612754,Indiana Pacers,IND,0,0,45,100,0.45,11,36,0.306,25,32,0.781,16,29,45,30,7,6,18,32,-14.0,0.554,117.5,115.9,1.5,20.9,0.235,0.741,0.487,0.125,104.3,1,0
0022300293,1610612754,Indiana Pacers,IND,1,0,52,92,0.565,13,31,0.419,14,19,0.737,11,32,43,33,8,5,18,20,8.0,0.554,117.5,115.9,1.5,20.9,0.235,0.741,0.487,0.125,104.3,1,0
0022301229,1610612754,Indiana Pacers,IND,1,0,50,102,0.49,7,33,0.212,21,25,0.84,15,36,51,30,9,8,9,21,9.0,0.554,117.5,115.9,1.5,20.9,0.235,0.741,0.487,0.125,104.3,1,0
0022301202,1610612754,Indiana Pacers,IND,1,1,43,94,0.457,19,40,0.475,17,21,0.81,7,34,41,28,8,4,6,15,10.0,0.554,117.5,115.9,1.5,20.9,0.235,0.741,0.487,0.125,104.3,1,0
0022300284,1610612754,Indiana Pacers,IND,1,0,56,85,0.659,16,32,0.5,16,20,0.8,3,29,32,35,4,8,9,24,15.0,0.554,117.5,115.9,1.5,20.9,0.235,0.741,0.487,0.125,104.3,1,0
0022300267,1610612754,Indiana Pacers,IND,0,0,50,98,0.51,11,43,0.256,21,32,0.656,10,24,34,30,11,5,9,31,-10.0,0.554,117.5,115.9,1.5,20.9,0.235,0.741,0.487,0.125,104.3,1,0
0022300254,1610612754,Indiana Pacers,IND,0,1,42,88,0.477,8,33,0.242,18,24,0.75,10,32,42,26,10,6,20,24,-4.0,0.554,117.5,115.9,1.5,20.9,0.235,0.741,0.487,0.125,104.3,1,0
0022300047,1610612754,Indiana Pacers,IND,1,1,49,102,0.48,16,38,0.421,22,24,0.917,15,25,40,24,7,8,8,21,23.0,0.554,117.5,115.9,1.5,20.9,0.235,0.741,0.487,0.125,104.3,1,0
0022300230,1610612754,Indiana Pacers,IND,0,1,50,91,0.549,18,39,0.462,13,16,0.813,5,26,31,33,10,6,14,24,-1.0,0.554,117.5,115.9,1.5,20.9,0.235,0.741,0.487,0.125,104.3,1,0
0022300039,1610612754,Indiana Pacers,IND,1,0,57,94,0.606,22,45,0.489,21,28,0.75,7,22,29,35,7,11,13,25,5.0,0.554,117.5,115.9,1.5,20.9,0.235,0.741,0.487,0.125,104.3,1,0
0022300209,1610612754,Indiana Pacers,IND,0,1,42,95,0.442,8,31,0.258,24,31,0.774,11,29,40,24,10,7,16,32,-12.0,0.554,117.5,115.9,1.5,20.9,0.235,0.741,0.487,0.125,104.3,1,0
0022300019,1610612754,Indiana Pacers,IND,1,0,48,93,0.516,13,37,0.351,23,33,0.697,10,31,41,32,7,5,11,28,6.0,0.554,117.5,115.9,1.5,20.9,0.235,0.741,0.487,0.125,104.3,1,0
0022300180,1610612754,Indiana Pacers,IND,0,0,47,90,0.522,16,39,0.41,16,19,0.842,8,24,32,31,8,9,10,14,-11.0,0.554,117.5,115.9,1.5,20.9,0.235,0.741,0.487,0.125,104.3,1,0
0022300171,1610612754,Indiana Pacers,IND,1,1,44,92,0.478,20,48,0.417,18,20,0.9,9,31,40,27,6,6,11,25,2.0,0.554,117.5,115.9,1.5,20.9,0.235,0.741,0.487,0.125,104.3,1,0
0022300158,1610612754,Indiana Pacers,IND,1,1,52,101,0.515,13,41,0.317,17,20,0.85,14,32,46,26,14,7,11,15,16.0,0.554,117.5,115.9,1.5,20.9,0.235,0.741,0.487,0.125,104.3,1,0
0022300146,1610612754,Indiana Pacers,IND,1,1,55,95,0.579,20,38,0.526,22,23,0.957,9,40,49,38,7,4,14,24,41.0,0.554,117.5,115.9,1.5,20.9,0.235,0.741,0.487,0.125,104.3,1,0
0022300133,1610612754,Indiana Pacers,IND,0,1,45,93,0.484,22,45,0.489,12,16,0.75,11,25,36,31,7,5,14,18,-1.0,0.554,117.5,115.9,1.5,20.9,0.235,0.741,0.487,0.125,104.3,1,0
0022300001,1610612754,Indiana Pacers,IND,1,1,45,86,0.523,15,31,0.484,16,24,0.667,7,33,40,28,7,5,18,18,5.0,0.554,117.5,115.9,1.5,20.9,0.235,0.741,0.487,0.125,104.3,1,0
0022300118,1610612754,Indiana Pacers,IND,0,0,46,101,0.455,5,37,0.135,7,12,0.583,8,23,31,26,6,6,9,20,-51.0,0.554,117.5,115.9,1.5,20.9,0.235,0.741,0.487,0.125,104.3,1,0
0022300102,1610612754,Indiana Pacers,IND,0,1,36,88,0.409,12,46,0.261,21,25,0.84,11,36,47,26,7,5,17,24,-7.0,0.554,117.5,115.9,1.5,20.9,0.235,0.741,0.487,0.125,104.3,1,0
0022300091,1610612754,Indiana Pacers,IND,1,0,48,98,0.49,15,38,0.395,14,17,0.824,11,37,48,36,3,4,7,20,12.0,0.554,117.5,115.9,1.5,20.9,0.235,0.741,0.487,0.125,104.3,1,0
0022300064,1610612754,Indiana Pacers,IND,1,1,56,107,0.523,20,43,0.465,11,12,0.917,10,41,51,38,10,8,12,23,23.0,0.554,117.5,115.9,1.5,20.9,0.235,0.741,0.487,0.125,104.3,1,0
0022301054,1610612741,Chicago Bulls,CHI,1,1,49,98,0.5,12,27,0.444,15,18,0.833,13,41,54,28,7,5,7,19,26.0,0.479,112.2,113.0,-0.8,18.2,0.248,0.76,0.499,0.121,98.7,0,0
0022300948,1610612741,Chicago Bulls,CHI,1,0,48,92,0.522,10,28,0.357,26,32,0.813,7,41,48,22,6,5,11,21,3.0,0.479,112.2,113.0,-0.8,18.2,0.248,0.76,0.499,0.121,98.7,0,0
0022300422,1610612741,Chicago Bulls,CHI,0,1,40,97,0.412,7,27,0.259,17,22,0.773,13,34,47,19,7,4,7,20,-16.0,0.479,112.2,113.0,-0.8,18.2,0.248,0.76,0.499,0.121,98.7,0,0
0022300102,1610612741,Chicago Bulls,CHI,1,0,40,87,0.46,6,17,0.353,26,31,0.839,10,34,44,19,8,6,13,17,7.0,0.479,112.2,113.0,-0.8,18.2,0.248,0.76,0.499,0.121,98.7,0,0
0022301043,1610612746,LA Clippers,LAC,0,1,46,85,0.541,6,20,0.3,18,22,0.818,11,25,36,26,4,4,8,19,-17.0,0.625,117.0,113.1,3.9,18.9,0.243,0.746,0.503,0.131,99.5,0,0
0022300350,1610612746,LA Clippers,LAC,1,0,56,98,0.571,19,38,0.5,20,23,0.87,14,32,46,26,4,9,11,19,24.0,0.625,117.0,113.1,3.9,18.9,0.243,0.746,0.503,0.131,99.5,0,0
0022301032,1610612747,Los Angeles Lakers,LAL,1,1,50,89,0.562,12,25,0.48,38,43,0.884,8,33,41,28,6,7,10,14,5.0,0.562,113.7,113.1,0.6,20.2,0.196,0.758,0.492,0.132,103.0,0,0
0022301016,1610612744,Golden State Warriors,GSW,0,1,43,106,0.406,14,48,0.292,11,16,0.688,24,40,64,24,6,6,14,15,-12.0,0.528,114.5,113.0,1.5,19.9,0.276,0.76,0.52,0.137,102.1,0,0
0022300733,1610612744,Golden State Warriors,GSW,1,0,52,93,0.559,17,32,0.531,10,13,0.769,10,39,49,33,7,7,17,22,22.0,0.528,114.5,113.0,1.5,19.9,0.276,0.76,0.52,0.137,102.1,0,0
0022300997,1610612765,Detroit Pistons,DET,0,1,37,90,0.411,5,23,0.217,24,30,0.8,12,34,46,23,8,1,15,14,-19.0,0.164,107.8,116.6,-8.8,18.4,0.246,0.778,0.508,0.15,102.4,0,0
0022300793,1610612765,Detroit Pistons,DET,0,0,47,89,0.528,12,30,0.4,9,18,0.5,6,35,41,27,6,4,15,21,-14.0,0.164,107.8,116.6,-8.8,18.4,0.246,0.778,0.508,0.15,102.4,0,0
0022300293,1610612765,Detroit Pistons,DET,0,1,45,81,0.556,10,29,0.345,23,30,0.767,6,24,30,26,11,4,14,18,-8.0,0.164,107.8,116.6,-8.8,18.4,0.246,0.778,0.508,0.15,102.4,0,0
0022300047,1610612765,Detroit Pistons,DET,0,0,43,90,0.478,7,18,0.389,20,24,0.833,14,29,43,22,6,11,14,18,-23.0,0.164,107.8,116.6,-8.8,18.4,0.246,0.778,0.508,0.15,102.4,0,0
0022300983,1610612739,Cleveland Cavaliers,CLE,1,0,38,80,0.475,12,32,0.375,20,28,0.714,9,30,39,27,8,4,14,18,5.0,0.603,113.0,109.0,4.0,20.1,0.235,0.77,0.507,0.135,99.3,0,0
0022300001,1610612739,Cleveland Cavaliers,CLE,0,0,44,84,0.524,8,28,0.286,20,25,0.8,5,30,35,27,10,9,13,20,-5.0,0.603,113.0,109.0,4.0,20.1,0.235,0.77,0.507,0.135,99.3,0,0
0022300091,1610612739,Cleveland Cavaliers,CLE,0,1,43,99,0.434,12,31,0.387,15,24,0.625,18,33,51,29,2,6,6,16,-12.0,0.603,113.0,109.0,4.0,20.1,0.235,0.77,0.507,0.135,99.3,0,0
0022300968,1610612751,Brooklyn Nets,BKN,0,0,33,77,0.429,10,25,0.4,24,31,0.774,12,33,45,18,8,3,20,18,-21.0,0.384,110.8,113.2,-2.4,18.9,0.252,0.76,0.498,0.13,99.5,0,0
0022300941,1610612760,Oklahoma City Thunder,OKC,0,1,43,99,0.434,14,37,0.378,11,15,0.733,13,37,50,24,5,4,12,16,-10.0,0.694,117.3,109.5,7.8,19.2,0.212,0.734,0.483,0.122,102.2,0,0
0022300928,1610612753,Orlando Magic,ORL,0,1,33,88,0.375,9,36,0.25,22,29,0.759,13,33,46,18,7,3,12,27,-14.0,0.583,110.7,108.6,2.2,18.1,0.257,0.781,0.516,0.148,99.4,0,0
0022300391,1610612753,Orlando Magic,ORL,1,0,39,73,0.534,6,18,0.333,33,41,0.805,10,29,39,22,9,5,13,18,7.0,0.583,110.7,108.6,2.2,18.1,0.257,0.781,0.516,0.148,99.4,0,0
0022300209,1610612753,Orlando Magic,ORL,1,0,43,87,0.494,7,20,0.35,35,42,0.833,8,34,42,21,10,10,15,23,12.0,0.583,110.7,108.6,2.2,18.1,0.257,0.781,0.516,0.148,99.4,0,0
0022300903,1610612750,Minnesota Timberwolves,MIN,1,0,46,98,0.469,7,25,0.28,14,19,0.737,13,35,48,23,9,6,9,20,2.0,0.694,113.0,106.0,7.0,19.2,0.234,0.77,0.515,0.142,99.5,0,0
0022300338,1610612750,Minnesota Timberwolves,MIN,1,1,48,86,0.558,18,30,0.6,13,16,0.813,8,28,36,33,10,4,15,16,18.0,0.694,113.0,106.0,7.0,19.2,0.234,0.77,0.515,0.142,99.5,0,0
0022300892,1610612742,Dallas Mavericks,DAL,0,1,45,93,0.484,13,39,0.333,17,21,0.81,9,32,41,23,5,6,9,23,-17.0,0.597,116.0,113.5,2.5,18.5,0.224,0.747,0.486,0.12,102.6,0,0
0022300819,1610612742,Dallas Mavericks,DAL,0,0,41,87,0.471,14,31,0.452,15,21,0.714,8,30,38,15,9,4,15,13,-22.0,0.597,116.0,113.5,2.5,18.5,0.224,0.747,0.486,0.12,102.6,0,0
0022300877,1610612759,San Antonio Spurs,SAS,1,1,46,85,0.541,10,25,0.4,15,19,0.789,10,35,45,33,6,8,14,17,12.0,0.233,107.4,114.7,-7.2,20.4,0.228,0.762,0.491,0.144,103.6,0,0
0022300146,1610612759,San Antonio Spurs,SAS,0,0,40,94,0.426,8,26,0.308,23,30,0.767,12,24,36,26,7,5,11,15,-41.0,0.233,107.4,114.7,-7.2,20.4,0.228,0.762,0.491,0.144,103.6,0,0
0022300863,1610612740,New Orleans Pelicans,NOP,1,1,48,86,0.558,15,32,0.469,18,26,0.692,11,36,47,25,9,4,17,17,27.0,0.616,115.2,109.5,5.7,19.4,0.248,0.769,0.513,0.13,100.4,0,0
0022300843,1610612740,New Orleans Pelicans,NOP,0,0,42,90,0.467,11,29,0.379,19,23,0.826,7,33,40,26,2,4,10,12,-9.0,0.616,115.2,109.5,5.7,19.4,0.248,0.769,0.513,0.13,100.4,0,0
0022300829,1610612761,Toronto Raptors,TOR,1,0,53,96,0.552,12,28,0.429,12,17,0.706,12,33,45,35,4,7,11,17,8.0,0.315,110.4,115.3,-4.9,20.3,0.244,0.739,0.486,0.135,101.5,0,0
0022300782,1610612761,Toronto Raptors,TOR,0,1,50,98,0.51,6,26,0.231,19,26,0.731,15,41,56,30,6,7,15,20,-2.0,0.315,110.4,115.3,-4.9,20.3,0.244,0.739,0.486,0.135,101.5,0,0
0022300230,1610612761,Toronto Raptors,TOR,1,0,48,90,0.533,11,27,0.407,25,30,0.833,13,33,46,26,7,3,17,15,1.0,0.315,110.4,115.3,-4.9,20.3,0.244,0.739,0.486,0.135,101.5,0,0
0022300761,1610612766,Charlotte Hornets,CHA,1,1,44,82,0.537,10,34,0.294,13,16,0.813,5,41,46,27,5,3,16,17,9.0,0.25,106.6,116.7,-10.2,18.1,0.218,0.749,0.473,0.139,99.6,0,0
0022300707,1610612766,Charlotte Hornets,CHA,0,1,35,88,0.398,8,29,0.276,21,25,0.84,11,32,43,18,6,5,10,16,-16.0,0.25,106.6,116.7,-10.2,18.1,0.218,0.749,0.473,0.139,99.6,0,0
0022300365,1610612766,Charlotte Hornets,CHA,0,0,45,95,0.474,8,31,0.258,15,19,0.789,16,21,37,23,6,0,10,18,-31.0,0.25,106.6,116.7,-10.2,18.1,0.218,0.749,0.473,0.139,99.6,0,0
0022300133,1610612766,Charlotte Hornets,CHA,1,0,47,88,0.534,8,20,0.4,23,23,1.0,12,29,41,23,5,10,13,20,1.0,0.25,106.6,116.7,-10.2,18.1,0.218,0.749,0.473,0.139,99.6,0,0
0022300755,1610612752,New York Knicks,NYK,0,1,40,84,0.476,10,32,0.313,21,23,0.913,5,27,32,16,7,4,9,15,-14.0,0.611,113.8,110.4,3.4,17.7,0.297,0.766,0.531,0.135,98.1,0,0
0022300685,1610612752,New York Knicks,NYK,1,1,41,103,0.398,8,38,0.211,19,25,0.76,24,36,60,15,8,7,10,14,4.0,0.611,113.8,110.4,3.4,17.7,0.297,0.766,0.531,0.135,98.1,0,0
0022300441,1610612752,New York Knicks,NYK,0,0,45,95,0.474,17,37,0.459,19,27,0.704,15,27,42,24,12,2,13,19,-14.0,0.611,113.8,110.4,3.4,17.7,0.297,0.766,0.531,0.135,98.1,0,0
0022300719,1610612745,Houston Rockets,HOU,0,0,50,97,0.515,12,25,0.48,17,23,0.739,20,28,48,26,5,3,15,16,-3.0,0.514,111.6,110.0,1.6,17.7,0.252,0.764,0.507,0.126,101.6,0,0
0022300409,1610612745,Houston Rockets,HOU,0,1,47,97,0.485,5,24,0.208,18,22,0.818,15,29,44,19,15,2,10,16,-6.0,0.514,111.6,110.0,1.6,17.7,0.252,0.764,0.507,0.126,101.6,0,0
0022300691,1610612758,Sacramento Kings,SAC,1,0,51,90,0.567,13,34,0.382,18,28,0.643,9,29,38,26,15,3,16,17,11.0,0.583,113.9,113.7,0.2,19.9,0.24,0.785,0.507,0.129,101.6,0,0
0022300583,1610612758,Sacramento Kings,SAC,0,1,44,85,0.518,15,37,0.405,18,32,0.563,8,30,38,27,7,6,11,20,-5.0,0.583,113.9,113.7,0.2,19.9,0.24,0.785,0.507,0.129,101.6,0,0
0022300670,1610612738,Boston Celtics,BOS,1,1,47,87,0.54,17,36,0.472,18,22,0.818,7,33,40,25,6,9,10,16,5.0,0.781,120.3,109.3,10.9,19.1,0.249,0.763,0.517,0.119,99.7,0,0
0022300507,1610612738,Boston Celtics,BOS,0,0,47,90,0.522,17,35,0.486,20,29,0.69,13,29,42,26,3,8,15,20,-2.0,0.781,120.3,109.3,10.9,19.1,0.249,0.763,0.517,0.119,99.7,0,0
0022300493,1610612738,Boston Celtics,BOS,1,0,46,90,0.511,16,41,0.39,10,19,0.526,13,43,56,26,6,6,17,20,17.0,0.781,120.3,109.3,10.9,19.1,0.249,0.763,0.517,0.119,99.7,0,0
0022301202,1610612738,Boston Celtics,BOS,0,0,46,97,0.474,12,41,0.293,8,12,0.667,13,43,56,27,5,9,17,19,-10.0,0.781,120.3,109.3,10.9,19.1,0.249,0.763,0.517,0.119,99.7,0,0
0022300118,1610612738,Boston Celtics,BOS,1,1,54,95,0.568,20,35,0.571,27,28,0.964,11,46,57,27,5,2,11,19,51.0,0.781,120.3,109.3,10.9,19.1,0.249,0.763,0.517,0.119,99.7,0,0
0022300652,1610612763,Memphis Grizzlies,MEM,0,0,38,82,0.463,11,30,0.367,23,31,0.742,13,32,45,20,5,7,13,20,-6.0,0.329,104.4,111.8,-7.4,18.0,0.23,0.748,0.48,0.149,100.9,0,0
0022300377,1610612763,Memphis Grizzlies,MEM,1,1,43,84,0.512,16,35,0.457,14,21,0.667,8,33,41,27,8,7,18,14,13.0,0.329,104.4,111.8,-7.4,18.0,0.23,0.748,0.48,0.149,100.9,0,0
0022300636,1610612756,Phoenix Suns,PHX,0,0,51,89,0.573,13,30,0.433,16,18,0.889,7,31,38,24,8,5,20,17,-2.0,0.589,115.2,111.9,3.3,19.3,0.253,0.754,0.518,0.147,101.0,0,0
0022300604,1610612756,Phoenix Suns,PHX,1,1,47,82,0.573,8,25,0.32,15,18,0.833,6,38,44,25,7,5,16,24,7.0,0.589,115.2,111.9,3.3,19.3,0.253,0.754,0.518,0.147,101.0,0,0
0022300627,1610612755,Philadelphia 76ers,PHI,0,0,42,87,0.483,7,29,0.241,31,43,0.721,6,25,31,24,13,6,12,20,-12.0,0.534,113.6,111.8,1.7,17.9,0.249,0.74,0.49,0.118,100.0,0,0
0022300019,1610612755,Philadelphia 76ers,PHI,0,1,43,86,0.5,6,22,0.273,34,35,0.971,5,33,38,22,5,3,16,26,-6.0,0.534,113.6,111.8,1.7,17.9,0.249,0.74,0.49,0.118,100.0,0,0
0022300180,1610612755,Philadelphia 76ers,PHI,1,1,53,105,0.505,14,33,0.424,17,20,0.85,23,31,54,28,5,7,11,15,11.0,0.534,113.6,111.8,1.7,17.9,0.249,0.74,0.49,0.118,100.0,0,0
0022300614,1610612743,Denver Nuggets,DEN,1,0,44,88,0.5,11,33,0.333,15,17,0.882,11,31,42,22,5,9,10,17,5.0,0.699,115.5,111.1,4.4,20.8,0.257,0.752,0.511,0.126,98.9,0,0
0022300550,1610612743,Denver Nuggets,DEN,1,1,46,71,0.648,10,20,0.5,15,23,0.652,4,36,40,31,8,3,21,18,8.0,0.699,115.5,111.1,4.4,20.8,0.257,0.752,0.511,0.126,98.9,0,0
0022300590,1610612757,Portland Trail Blazers,POR,1,1,42,84,0.5,4,12,0.333,30,35,0.857,9,38,47,18,3,11,9,21,3.0,0.26,106.0,114.6,-8.6,16.7,0.27,0.733,0.489,0.15,100.2,0,0
0022300254,1610612757,Portland Trail Blazers,POR,1,0,40,85,0.471,9,18,0.5,25,31,0.806,9,29,38,20,6,4,16,21,4.0,0.26,106.0,114.6,-8.6,16.7,0.27,0.733,0.489,0.15,100.2,0,0
0022300564,1610612762,Utah Jazz,UTA,1,1,45,81,0.556,11,25,0.44,31,35,0.886,10,36,46,29,5,8,14,17,27.0,0.397,112.5,117.5,-5.0,19.2,0.282,0.758,0.522,0.15,102.4,0,0
0022300158,1610612762,Utah Jazz,UTA,0,0,45,96,0.469,11,27,0.407,17,18,0.944,16,31,47,26,3,5,21,17,-16.0,0.397,112.5,117.5,-5.0,19.2,0.282,0.758,0.522,0.15,102.4,0,0
0022300533,1610612737,Atlanta Hawks,ATL,0,1,40,89,0.449,11,30,0.367,17,23,0.739,12,16,28,25,14,2,14,13,-18.0,0.466,115.1,116.6,-1.5,18.3,0.278,0.746,0.503,0.128,102.7,0,0
0022300480,1610612737,Atlanta Hawks,ATL,0,0,40,93,0.43,10,42,0.238,26,30,0.867,14,25,39,21,6,3,14,11,-34.0,0.466,115.1,116.6,-1.5,18.3,0.278,0.746,0.503,0.128,102.7,0,0
0022300039,1610612737,Atlanta Hawks,ATL,0,1,57,95,0.6,15,31,0.484,23,28,0.821,12,27,39,28,8,4,15,23,-5.0,0.466,115.1,116.6,-1.5,18.3,0.278,0.746,0.503,0.128,102.7,0,0
0022300520,1610612764,Washington Wizards,WAS,0,0,38,88,0.432,7,31,0.226,21,30,0.7,13,33,46,24,8,8,13,23,-8.0,0.192,108.4,117.1,-8.7,19.5,0.205,0.721,0.456,0.133,104.9,0,0
0022300328,1610612764,Washington Wizards,WAS,1,1,52,92,0.565,13,27,0.481,20,26,0.769,8,39,47,36,7,8,17,18,14.0,0.192,108.4,117.1,-8.7,19.5,0.205,0.721,0.456,0.133,104.9,0,0
0022300064,1610612764,Washington Wizards,WAS,0,0,44,96,0.458,9,24,0.375,23,29,0.793,11,34,45,28,6,9,14,11,-23.0,0.192,108.4,117.1,-8.7,19.5,0.205,0.721,0.456,0.133,104.9,0,0
0022300466,1610612749,Milwaukee Bucks,MIL,0,0,46,92,0.5,14,37,0.378,24,32,0.75,10,32,42,30,6,4,13,25,-12.0,0.63,116.8,112.8,3.9,19.0,0.216,0.77,0.5,0.123,102.6,0,0
0022300454,1610612749,Milwaukee Bucks,MIL,0,1,41,93,0.441,10,40,0.25,21,26,0.808,8,38,46,27,4,8,11,26,-9.0,0.63,116.8,112.8,3.9,19.0,0.216,0.77,0.5,0.123,102.6,0,0
0022300315,1610612749,Milwaukee Bucks,MIL,1,1,48,89,0.539,7,27,0.259,37,48,0.771,12,31,43,27,8,8,15,24,14.0,0.63,116.8,112.8,3.9,19.0,0.216,0.77,0.5,0.123,102.6,0,0
0022301229,1610612749,Milwaukee Bucks,MIL,0,1,43,96,0.448,12,33,0.364,21,28,0.75,12,34,46,19,3,9,12,17,-9.0,0.63,116.8,112.8,3.9,19.0,0.216,0.77,0.5,0.123,102.6,0,0
0022300171,1610612749,Milwaukee Bucks,MIL,0,0,46,87,0.529,9,27,0.333,23,26,0.885,5,36,41,23,6,5,14,19,-2.0,0.63,116.8,112.8,3.9,19.0,0.216,0.77,0.5,0.123,102.6,0,0
0022300284,1610612748,Miami Heat,MIA,0,1,48,89,0.539,12,25,0.48,21,24,0.875,6,22,28,27,3,1,10,22,-15.0,0.542,111.0,110.3,0.7,18.9,0.219,0.78,0.495,0.127,98.4,0,0
0022300267,1610612748,Miami Heat,MIA,1,1,48,86,0.558,8,21,0.381,38,45,0.844,10,38,48,25,4,1,14,28,10.0,0.542,111.0,110.3,0.7,18.9,0.219,0.78,0.495,0.127,98.4,0,0
